Name,Type1,Abilities
Bulbasaur,Grass,[Overgrow, Chlorophyll]
Ivysaur,Grass,[Overgrow, Chlorophyll]
Venusaur,Grass,[Overgrow, Chlorophyll]
Charmander,Fire,[Blaze, Solar-power]
Charmeleon,Fire,[Blaze, Solar-power]
Charizard,Fire,[Blaze, Solar-power]
Squirtle,Water,[Torrent, Rain-dish]
Wartortle,Water,[Torrent, Rain-dish]
Blastoise,Water,[Torrent, Rain-dish]
Caterpie,Bug,[Shield-dust, Run-away]
Metapod,Bug,[Shed-skin]
Butterfree,Bug,[Compound-eyes, Tinted-lens]
Weedle,Bug,[Shield-dust, Run-away]
Kakuna,Bug,[Shed-skin]
Beedrill,Bug,[Swarm, Sniper]
Pidgey,Normal,[Keen-eye, Tangled-feet, Big-pecks]
Pidgeotto,Normal,[Keen-eye, Tangled-feet, Big-pecks]
Pidgeot,Normal,[Keen-eye, Tangled-feet, Big-pecks]
Rattata,Normal,[Run-away, Guts, Hustle]
Raticate,Normal,[Run-away, Guts, Hustle]
Spearow,Normal,[Keen-eye, Sniper]
Fearow,Normal,[Keen-eye, Sniper]
Ekans,Poison,[Intimidate, Shed-skin, Unnerve]
Arbok,Poison,[Intimidate, Shed-skin, Unnerve]
Pikachu,Electric,[Static, Lightning-rod]
Raichu,Electric,[Static, Lightning-rod]
Sandshrew,Ground,[Sand-veil, Sand-rush]
Sandslash,Ground,[Sand-veil, Sand-rush]
Nidoran-f,Poison,[Poison-point, Rivalry, Hustle]
Nidorina,Poison,[Poison-point, Rivalry, Hustle]
Nidoqueen,Poison,[Poison-point, Rivalry, Sheer-force]
Nidoran-m,Poison,[Poison-point, Rivalry, Hustle]
Nidorino,Poison,[Poison-point, Rivalry, Hustle]
Nidoking,Poison,[Poison-point, Rivalry, Sheer-force]
Clefairy,Fairy,[Cute-charm, Magic-guard, Friend-guard]
Clefable,Fairy,[Cute-charm, Magic-guard, Unaware]
Vulpix,Fire,[Flash-fire, Drought]
Ninetales,Fire,[Flash-fire, Drought]
Jigglypuff,Normal,[Cute-charm, Competitive, Friend-guard]
Wigglytuff,Normal,[Cute-charm, Competitive, Frisk]
Zubat,Poison,[Inner-focus, Infiltrator]
Golbat,Poison,[Inner-focus, Infiltrator]
Oddish,Grass,[Chlorophyll, Run-away]
Gloom,Grass,[Chlorophyll, Stench]
Vileplume,Grass,[Chlorophyll, Effect-spore]
Paras,Bug,[Effect-spore, Dry-skin, Damp]
Parasect,Bug,[Effect-spore, Dry-skin, Damp]
Venonat,Bug,[Compound-eyes, Tinted-lens, Run-away]
Venomoth,Bug,[Shield-dust, Tinted-lens, Wonder-skin]
Diglett,Ground,[Sand-veil, Arena-trap, Sand-force]
Dugtrio,Ground,[Sand-veil, Arena-trap, Sand-force]
Meowth,Normal,[Pickup, Technician, Unnerve]
Persian,Normal,[Limber, Technician, Unnerve]
Psyduck,Water,[Damp, Cloud-nine, Swift-swim]
Golduck,Water,[Damp, Cloud-nine, Swift-swim]
Mankey,Fighting,[Vital-spirit, Anger-point, Defiant]
Primeape,Fighting,[Vital-spirit, Anger-point, Defiant]
Growlithe,Fire,[Intimidate, Flash-fire, Justified]
Arcanine,Fire,[Intimidate, Flash-fire, Justified]
Poliwag,Water,[Water-absorb, Damp, Swift-swim]
Poliwhirl,Water,[Water-absorb, Damp, Swift-swim]
Poliwrath,Water,[Water-absorb, Damp, Swift-swim]
Abra,Psychic,[Synchronize, Inner-focus, Magic-guard]
Kadabra,Psychic,[Synchronize, Inner-focus, Magic-guard]
Alakazam,Psychic,[Synchronize, Inner-focus, Magic-guard]
Machop,Fighting,[Guts, No-guard, Steadfast]
Machoke,Fighting,[Guts, No-guard, Steadfast]
Machamp,Fighting,[Guts, No-guard, Steadfast]
Bellsprout,Grass,[Chlorophyll, Gluttony]
Weepinbell,Grass,[Chlorophyll, Gluttony]
Victreebel,Grass,[Chlorophyll, Gluttony]
Tentacool,Water,[Clear-body, Liquid-ooze, Rain-dish]
Tentacruel,Water,[Clear-body, Liquid-ooze, Rain-dish]
Geodude,Rock,[Rock-head, Sturdy, Sand-veil]
Graveler,Rock,[Rock-head, Sturdy, Sand-veil]
Golem,Rock,[Rock-head, Sturdy, Sand-veil]
Ponyta,Fire,[Run-away, Flash-fire, Flame-body]
Rapidash,Fire,[Run-away, Flash-fire, Flame-body]
Slowpoke,Water,[Oblivious, Own-tempo, Regenerator]
Slowbro,Water,[Oblivious, Own-tempo, Regenerator]
Magnemite,Electric,[Magnet-pull, Sturdy, Analytic]
Magneton,Electric,[Magnet-pull, Sturdy, Analytic]
Farfetchd,Normal,[Keen-eye, Inner-focus, Defiant]
Doduo,Normal,[Run-away, Early-bird, Tangled-feet]
Dodrio,Normal,[Run-away, Early-bird, Tangled-feet]
Seel,Water,[Thick-fat, Hydration, Ice-body]
Dewgong,Water,[Thick-fat, Hydration, Ice-body]
Grimer,Poison,[Stench, Sticky-hold, Poison-touch]
Muk,Poison,[Stench, Sticky-hold, Poison-touch]
Shellder,Water,[Shell-armor, Skill-link, Overcoat]
Cloyster,Water,[Shell-armor, Skill-link, Overcoat]
Gastly,Ghost,[Levitate]
Haunter,Ghost,[Levitate]
Gengar,Ghost,[Cursed-body]
Onix,Rock,[Rock-head, Sturdy, Weak-armor]
Drowzee,Psychic,[Insomnia, Forewarn, Inner-focus]
Hypno,Psychic,[Insomnia, Forewarn, Inner-focus]
Krabby,Water,[Hyper-cutter, Shell-armor, Sheer-force]
Kingler,Water,[Hyper-cutter, Shell-armor, Sheer-force]
Voltorb,Electric,[Soundproof, Static, Aftermath]
Electrode,Electric,[Soundproof, Static, Aftermath]
Exeggcute,Grass,[Chlorophyll, Harvest]
Exeggutor,Grass,[Chlorophyll, Harvest]
Cubone,Ground,[Rock-head, Lightning-rod, Battle-armor]
Marowak,Ground,[Rock-head, Lightning-rod, Battle-armor]
Hitmonlee,Fighting,[Limber, Reckless, Unburden]
Hitmonchan,Fighting,[Keen-eye, Iron-fist, Inner-focus]
Lickitung,Normal,[Own-tempo, Oblivious, Cloud-nine]
Koffing,Poison,[Levitate, Neutralizing-gas, Stench]
Weezing,Poison,[Levitate, Neutralizing-gas, Stench]
Rhyhorn,Ground,[Lightning-rod, Rock-head, Reckless]
Rhydon,Ground,[Lightning-rod, Rock-head, Reckless]
Chansey,Normal,[Natural-cure, Serene-grace, Healer]
Tangela,Grass,[Chlorophyll, Leaf-guard, Regenerator]
Kangaskhan,Normal,[Early-bird, Scrappy, Inner-focus]
Horsea,Water,[Swift-swim, Sniper, Damp]
Seadra,Water,[Poison-point, Sniper, Damp]
Goldeen,Water,[Swift-swim, Water-veil, Lightning-rod]
Seaking,Water,[Swift-swim, Water-veil, Lightning-rod]
Staryu,Water,[Illuminate, Natural-cure, Analytic]
Starmie,Water,[Illuminate, Natural-cure, Analytic]
Mr-mime,Psychic,[Soundproof, Filter, Technician]
Scyther,Bug,[Swarm, Technician, Steadfast]
Jynx,Ice,[Oblivious, Forewarn, Dry-skin]
Electabuzz,Electric,[Static, Vital-spirit]
Magmar,Fire,[Flame-body, Vital-spirit]
Pinsir,Bug,[Hyper-cutter, Mold-breaker, Moxie]
Tauros,Normal,[Intimidate, Anger-point, Sheer-force]
Magikarp,Water,[Swift-swim, Rattled]
Gyarados,Water,[Intimidate, Moxie]
Lapras,Water,[Water-absorb, Shell-armor, Hydration]
Ditto,Normal,[Limber, Imposter]
Eevee,Normal,[Run-away, Adaptability, Anticipation]
Vaporeon,Water,[Water-absorb, Hydration]
Jolteon,Electric,[Volt-absorb, Quick-feet]
Flareon,Fire,[Flash-fire, Guts]
Porygon,Normal,[Trace, Download, Analytic]
Omanyte,Rock,[Swift-swim, Shell-armor, Weak-armor]
Omastar,Rock,[Swift-swim, Shell-armor, Weak-armor]
Kabuto,Rock,[Swift-swim, Battle-armor, Weak-armor]
Kabutops,Rock,[Swift-swim, Battle-armor, Weak-armor]
Aerodactyl,Rock,[Rock-head, Pressure, Unnerve]
Snorlax,Normal,[Immunity, Thick-fat, Gluttony]
Articuno,Ice,[Pressure, Snow-cloak]
Zapdos,Electric,[Pressure, Static]
Moltres,Fire,[Pressure, Flame-body]
Dratini,Dragon,[Shed-skin, Marvel-scale]
Dragonair,Dragon,[Shed-skin, Marvel-scale]
Dragonite,Dragon,[Inner-focus, Multiscale]
Mewtwo,Psychic,[Pressure, Unnerve]
Mew,Psychic,[Synchronize]
Chikorita,Grass,[Overgrow, Leaf-guard]
Bayleef,Grass,[Overgrow, Leaf-guard]
Meganium,Grass,[Overgrow, Leaf-guard]
Cyndaquil,Fire,[Blaze, Flash-fire]
Quilava,Fire,[Blaze, Flash-fire]
Typhlosion,Fire,[Blaze, Flash-fire]
Totodile,Water,[Torrent, Sheer-force]
Croconaw,Water,[Torrent, Sheer-force]
Feraligatr,Water,[Torrent, Sheer-force]
Sentret,Normal,[Run-away, Keen-eye, Frisk]
Furret,Normal,[Run-away, Keen-eye, Frisk]
Hoothoot,Normal,[Insomnia, Keen-eye, Tinted-lens]
Noctowl,Normal,[Insomnia, Keen-eye, Tinted-lens]
Ledyba,Bug,[Swarm, Early-bird, Rattled]
Ledian,Bug,[Swarm, Early-bird, Iron-fist]
Spinarak,Bug,[Swarm, Insomnia, Sniper]
Ariados,Bug,[Swarm, Insomnia, Sniper]
Crobat,Poison,[Inner-focus, Infiltrator]
Chinchou,Water,[Volt-absorb, Illuminate, Water-absorb]
Lanturn,Water,[Volt-absorb, Illuminate, Water-absorb]
Pichu,Electric,[Static, Lightning-rod]
Cleffa,Fairy,[Cute-charm, Magic-guard, Friend-guard]
Igglybuff,Normal,[Cute-charm, Competitive, Friend-guard]
Togepi,Fairy,[Hustle, Serene-grace, Super-luck]
Togetic,Fairy,[Hustle, Serene-grace, Super-luck]
Natu,Psychic,[Synchronize, Early-bird, Magic-bounce]
Xatu,Psychic,[Synchronize, Early-bird, Magic-bounce]
Mareep,Electric,[Static, Plus]
Flaaffy,Electric,[Static, Plus]
Ampharos,Electric,[Static, Plus]
Bellossom,Grass,[Chlorophyll, Healer]
Marill,Water,[Thick-fat, Huge-power, Sap-sipper]
Azumarill,Water,[Thick-fat, Huge-power, Sap-sipper]
Sudowoodo,Rock,[Sturdy, Rock-head, Rattled]
Politoed,Water,[Water-absorb, Damp, Drizzle]
Hoppip,Grass,[Chlorophyll, Leaf-guard, Infiltrator]
Skiploom,Grass,[Chlorophyll, Leaf-guard, Infiltrator]
Jumpluff,Grass,[Chlorophyll, Leaf-guard, Infiltrator]
Aipom,Normal,[Run-away, Pickup, Skill-link]
Sunkern,Grass,[Chlorophyll, Solar-power, Early-bird]
Sunflora,Grass,[Chlorophyll, Solar-power, Early-bird]
Yanma,Bug,[Speed-boost, Compound-eyes, Frisk]
Wooper,Water,[Damp, Water-absorb, Unaware]
Quagsire,Water,[Damp, Water-absorb, Unaware]
Espeon,Psychic,[Synchronize, Magic-bounce]
Umbreon,Dark,[Synchronize, Inner-focus]
Murkrow,Dark,[Insomnia, Super-luck, Prankster]
Slowking,Water,[Oblivious, Own-tempo, Regenerator]
Misdreavus,Ghost,[Levitate]
Unown,Psychic,[Levitate]
Wobbuffet,Psychic,[Shadow-tag, Telepathy]
Girafarig,Normal,[Inner-focus, Early-bird, Sap-sipper]
Pineco,Bug,[Sturdy, Overcoat]
Forretress,Bug,[Sturdy, Overcoat]
Dunsparce,Normal,[Serene-grace, Run-away, Rattled]
Gligar,Ground,[Hyper-cutter, Sand-veil, Immunity]
Steelix,Steel,[Rock-head, Sturdy, Sheer-force]
Snubbull,Fairy,[Intimidate, Run-away, Rattled]
Granbull,Fairy,[Intimidate, Quick-feet, Rattled]
Qwilfish,Water,[Poison-point, Swift-swim, Intimidate]
Scizor,Bug,[Swarm, Technician, Light-metal]
Shuckle,Bug,[Sturdy, Gluttony, Contrary]
Heracross,Bug,[Swarm, Guts, Moxie]
Sneasel,Dark,[Inner-focus, Keen-eye, Pickpocket]
Teddiursa,Normal,[Pickup, Quick-feet, Honey-gather]
Ursaring,Normal,[Guts, Quick-feet, Unnerve]
Slugma,Fire,[Magma-armor, Flame-body, Weak-armor]
Magcargo,Fire,[Magma-armor, Flame-body, Weak-armor]
Swinub,Ice,[Oblivious, Snow-cloak, Thick-fat]
Piloswine,Ice,[Oblivious, Snow-cloak, Thick-fat]
Corsola,Water,[Hustle, Natural-cure, Regenerator]
Remoraid,Water,[Hustle, Sniper, Moody]
Octillery,Water,[Suction-cups, Sniper, Moody]
Delibird,Ice,[Vital-spirit, Hustle, Insomnia]
Mantine,Water,[Swift-swim, Water-absorb, Water-veil]
Skarmory,Steel,[Keen-eye, Sturdy, Weak-armor]
Houndour,Dark,[Early-bird, Flash-fire, Unnerve]
Houndoom,Dark,[Early-bird, Flash-fire, Unnerve]
Kingdra,Water,[Swift-swim, Sniper, Damp]
Phanpy,Ground,[Pickup, Sand-veil]
Donphan,Ground,[Sturdy, Sand-veil]
Porygon2,Normal,[Trace, Download, Analytic]
Stantler,Normal,[Intimidate, Frisk, Sap-sipper]
Smeargle,Normal,[Own-tempo, Technician, Moody]
Tyrogue,Fighting,[Guts, Steadfast, Vital-spirit]
Hitmontop,Fighting,[Intimidate, Technician, Steadfast]
Smoochum,Ice,[Oblivious, Forewarn, Hydration]
Elekid,Electric,[Static, Vital-spirit]
Magby,Fire,[Flame-body, Vital-spirit]
Miltank,Normal,[Thick-fat, Scrappy, Sap-sipper]
Blissey,Normal,[Natural-cure, Serene-grace, Healer]
Raikou,Electric,[Pressure, Inner-focus]
Entei,Fire,[Pressure, Inner-focus]
Suicune,Water,[Pressure, Inner-focus]
Larvitar,Rock,[Guts, Sand-veil]
Pupitar,Rock,[Shed-skin]
Tyranitar,Rock,[Sand-stream, Unnerve]
Lugia,Psychic,[Pressure, Multiscale]
Ho-oh,Fire,[Pressure, Regenerator]
Celebi,Psychic,[Natural-cure]
Treecko,Grass,[Overgrow, Unburden]
Grovyle,Grass,[Overgrow, Unburden]
Sceptile,Grass,[Overgrow, Unburden]
Torchic,Fire,[Blaze, Speed-boost]
Combusken,Fire,[Blaze, Speed-boost]
Blaziken,Fire,[Blaze, Speed-boost]
Mudkip,Water,[Torrent, Damp]
Marshtomp,Water,[Torrent, Damp]
Swampert,Water,[Torrent, Damp]
Poochyena,Dark,[Run-away, Quick-feet, Rattled]
Mightyena,Dark,[Intimidate, Quick-feet, Moxie]
Zigzagoon,Normal,[Pickup, Gluttony, Quick-feet]
Linoone,Normal,[Pickup, Gluttony, Quick-feet]
Wurmple,Bug,[Shield-dust, Run-away]
Silcoon,Bug,[Shed-skin]
Beautifly,Bug,[Swarm, Rivalry]
Cascoon,Bug,[Shed-skin]
Dustox,Bug,[Shield-dust, Compound-eyes]
Lotad,Water,[Swift-swim, Rain-dish, Own-tempo]
Lombre,Water,[Swift-swim, Rain-dish, Own-tempo]
Ludicolo,Water,[Swift-swim, Rain-dish, Own-tempo]
Seedot,Grass,[Chlorophyll, Early-bird, Pickpocket]
Nuzleaf,Grass,[Chlorophyll, Early-bird, Pickpocket]
Shiftry,Grass,[Chlorophyll, Wind-rider, Pickpocket]
Taillow,Normal,[Guts, Scrappy]
Swellow,Normal,[Guts, Scrappy]
Wingull,Water,[Keen-eye, Hydration, Rain-dish]
Pelipper,Water,[Keen-eye, Drizzle, Rain-dish]
Ralts,Psychic,[Synchronize, Trace, Telepathy]
Kirlia,Psychic,[Synchronize, Trace, Telepathy]
Gardevoir,Psychic,[Synchronize, Trace, Telepathy]
Surskit,Bug,[Swift-swim, Rain-dish]
Masquerain,Bug,[Intimidate, Unnerve]
Shroomish,Grass,[Effect-spore, Poison-heal, Quick-feet]
Breloom,Grass,[Effect-spore, Poison-heal, Technician]
Slakoth,Normal,[Truant]
Vigoroth,Normal,[Vital-spirit]
Slaking,Normal,[Truant]
Nincada,Bug,[Compound-eyes, Run-away]
Ninjask,Bug,[Speed-boost, Infiltrator]
Shedinja,Bug,[Wonder-guard]
Whismur,Normal,[Soundproof, Rattled]
Loudred,Normal,[Soundproof, Scrappy]
Exploud,Normal,[Soundproof, Scrappy]
Makuhita,Fighting,[Thick-fat, Guts, Sheer-force]
Hariyama,Fighting,[Thick-fat, Guts, Sheer-force]
Azurill,Normal,[Thick-fat, Huge-power, Sap-sipper]
Nosepass,Rock,[Sturdy, Magnet-pull, Sand-force]
Skitty,Normal,[Cute-charm, Normalize, Wonder-skin]
Delcatty,Normal,[Cute-charm, Normalize, Wonder-skin]
Sableye,Dark,[Keen-eye, Stall, Prankster]
Mawile,Steel,[Hyper-cutter, Intimidate, Sheer-force]
Aron,Steel,[Sturdy, Rock-head, Heavy-metal]
Lairon,Steel,[Sturdy, Rock-head, Heavy-metal]
Aggron,Steel,[Sturdy, Rock-head, Heavy-metal]
Meditite,Fighting,[Pure-power, Telepathy]
Medicham,Fighting,[Pure-power, Telepathy]
Electrike,Electric,[Static, Lightning-rod, Minus]
Manectric,Electric,[Static, Lightning-rod, Minus]
Plusle,Electric,[Plus, Lightning-rod]
Minun,Electric,[Minus, Volt-absorb]
Volbeat,Bug,[Illuminate, Swarm, Prankster]
Illumise,Bug,[Oblivious, Tinted-lens, Prankster]
Roselia,Grass,[Natural-cure, Poison-point, Leaf-guard]
Gulpin,Poison,[Liquid-ooze, Sticky-hold, Gluttony]
Swalot,Poison,[Liquid-ooze, Sticky-hold, Gluttony]
Carvanha,Water,[Rough-skin, Speed-boost]
Sharpedo,Water,[Rough-skin, Speed-boost]
Wailmer,Water,[Water-veil, Oblivious, Pressure]
Wailord,Water,[Water-veil, Oblivious, Pressure]
Numel,Fire,[Oblivious, Simple, Own-tempo]
Camerupt,Fire,[Magma-armor, Solid-rock, Anger-point]
Torkoal,Fire,[White-smoke, Drought, Shell-armor]
Spoink,Psychic,[Thick-fat, Own-tempo, Gluttony]
Grumpig,Psychic,[Thick-fat, Own-tempo, Gluttony]
Spinda,Normal,[Own-tempo, Tangled-feet, Contrary]
Trapinch,Ground,[Hyper-cutter, Arena-trap, Sheer-force]
Vibrava,Ground,[Levitate]
Flygon,Ground,[Levitate]
Cacnea,Grass,[Sand-veil, Water-absorb]
Cacturne,Grass,[Sand-veil, Water-absorb]
Swablu,Normal,[Natural-cure, Cloud-nine]
Altaria,Dragon,[Natural-cure, Cloud-nine]
Zangoose,Normal,[Immunity, Toxic-boost]
Seviper,Poison,[Shed-skin, Infiltrator]
Lunatone,Rock,[Levitate]
Solrock,Rock,[Levitate]
Barboach,Water,[Oblivious, Anticipation, Hydration]
Whiscash,Water,[Oblivious, Anticipation, Hydration]
Corphish,Water,[Hyper-cutter, Shell-armor, Adaptability]
Crawdaunt,Water,[Hyper-cutter, Shell-armor, Adaptability]
Baltoy,Ground,[Levitate]
Claydol,Ground,[Levitate]
Lileep,Rock,[Suction-cups, Storm-drain]
Cradily,Rock,[Suction-cups, Storm-drain]
Anorith,Rock,[Battle-armor, Swift-swim]
Armaldo,Rock,[Battle-armor, Swift-swim]
Feebas,Water,[Swift-swim, Oblivious, Adaptability]
Milotic,Water,[Marvel-scale, Competitive, Cute-charm]
Castform,Normal,[Forecast]
Kecleon,Normal,[Color-change, Protean]
Shuppet,Ghost,[Insomnia, Frisk, Cursed-body]
Banette,Ghost,[Insomnia, Frisk, Cursed-body]
Duskull,Ghost,[Levitate, Frisk]
Dusclops,Ghost,[Pressure, Frisk]
Tropius,Grass,[Chlorophyll, Solar-power, Harvest]
Chimecho,Psychic,[Levitate]
Absol,Dark,[Pressure, Super-luck, Justified]
Wynaut,Psychic,[Shadow-tag, Telepathy]
Snorunt,Ice,[Inner-focus, Ice-body, Moody]
Glalie,Ice,[Inner-focus, Ice-body, Moody]
Spheal,Ice,[Thick-fat, Ice-body, Oblivious]
Sealeo,Ice,[Thick-fat, Ice-body, Oblivious]
Walrein,Ice,[Thick-fat, Ice-body, Oblivious]
Clamperl,Water,[Shell-armor, Rattled]
Huntail,Water,[Swift-swim, Water-veil]
Gorebyss,Water,[Swift-swim, Hydration]
Relicanth,Water,[Swift-swim, Rock-head, Sturdy]
Luvdisc,Water,[Swift-swim, Hydration]
Bagon,Dragon,[Rock-head, Sheer-force]
Shelgon,Dragon,[Rock-head, Overcoat]
Salamence,Dragon,[Intimidate, Moxie]
Beldum,Steel,[Clear-body, Light-metal]
Metang,Steel,[Clear-body, Light-metal]
Metagross,Steel,[Clear-body, Light-metal]
Regirock,Rock,[Clear-body, Sturdy]
Regice,Ice,[Clear-body, Ice-body]
Registeel,Steel,[Clear-body, Light-metal]
Latias,Dragon,[Levitate]
Latios,Dragon,[Levitate]
Kyogre,Water,[Drizzle]
Groudon,Ground,[Drought]
Rayquaza,Dragon,[Air-lock]
Jirachi,Steel,[Serene-grace]
Deoxys-normal,Psychic,[Pressure]
Turtwig,Grass,[Overgrow, Shell-armor]
Grotle,Grass,[Overgrow, Shell-armor]
Torterra,Grass,[Overgrow, Shell-armor]
Chimchar,Fire,[Blaze, Iron-fist]
Monferno,Fire,[Blaze, Iron-fist]
Infernape,Fire,[Blaze, Iron-fist]
Piplup,Water,[Torrent, Competitive]
Prinplup,Water,[Torrent, Competitive]
Empoleon,Water,[Torrent, Competitive]
Starly,Normal,[Keen-eye, Reckless]
Staravia,Normal,[Intimidate, Reckless]
Staraptor,Normal,[Intimidate, Reckless]
Bidoof,Normal,[Simple, Unaware, Moody]
Bibarel,Normal,[Simple, Unaware, Moody]
Kricketot,Bug,[Shed-skin, Run-away]
Kricketune,Bug,[Swarm, Technician]
Shinx,Electric,[Rivalry, Intimidate, Guts]
Luxio,Electric,[Rivalry, Intimidate, Guts]
Luxray,Electric,[Rivalry, Intimidate, Guts]
Budew,Grass,[Natural-cure, Poison-point, Leaf-guard]
Roserade,Grass,[Natural-cure, Poison-point, Technician]
Cranidos,Rock,[Mold-breaker, Sheer-force]
Rampardos,Rock,[Mold-breaker, Sheer-force]
Shieldon,Rock,[Sturdy, Soundproof]
Bastiodon,Rock,[Sturdy, Soundproof]
Burmy,Bug,[Shed-skin, Overcoat]
Wormadam-plant,Bug,[Anticipation, Overcoat]
Mothim,Bug,[Swarm, Tinted-lens]
Combee,Bug,[Honey-gather, Hustle]
Vespiquen,Bug,[Pressure, Unnerve]
Pachirisu,Electric,[Run-away, Pickup, Volt-absorb]
Buizel,Water,[Swift-swim, Water-veil]
Floatzel,Water,[Swift-swim, Water-veil]
Cherubi,Grass,[Chlorophyll]
Cherrim,Grass,[Flower-gift]
Shellos,Water,[Sticky-hold, Storm-drain, Sand-force]
Gastrodon,Water,[Sticky-hold, Storm-drain, Sand-force]
Ambipom,Normal,[Technician, Pickup, Skill-link]
Drifloon,Ghost,[Aftermath, Unburden, Flare-boost]
Drifblim,Ghost,[Aftermath, Unburden, Flare-boost]
Buneary,Normal,[Run-away, Klutz, Limber]
Lopunny,Normal,[Cute-charm, Klutz, Limber]
Mismagius,Ghost,[Levitate]
Honchkrow,Dark,[Insomnia, Super-luck, Moxie]
Glameow,Normal,[Limber, Own-tempo, Keen-eye]
Purugly,Normal,[Thick-fat, Own-tempo, Defiant]
Chingling,Psychic,[Levitate]
Stunky,Poison,[Stench, Aftermath, Keen-eye]
Skuntank,Poison,[Stench, Aftermath, Keen-eye]
Bronzor,Steel,[Levitate, Heatproof, Heavy-metal]
Bronzong,Steel,[Levitate, Heatproof, Heavy-metal]
Bonsly,Rock,[Sturdy, Rock-head, Rattled]
Mime-jr,Psychic,[Soundproof, Filter, Technician]
Happiny,Normal,[Natural-cure, Serene-grace, Friend-guard]
Chatot,Normal,[Keen-eye, Tangled-feet, Big-pecks]
Spiritomb,Ghost,[Pressure, Infiltrator]
Gible,Dragon,[Sand-veil, Rough-skin]
Gabite,Dragon,[Sand-veil, Rough-skin]
Garchomp,Dragon,[Sand-veil, Rough-skin]
Munchlax,Normal,[Pickup, Thick-fat, Gluttony]
Riolu,Fighting,[Steadfast, Inner-focus, Prankster]
Lucario,Fighting,[Steadfast, Inner-focus, Justified]
Hippopotas,Ground,[Sand-stream, Sand-force]
Hippowdon,Ground,[Sand-stream, Sand-force]
Skorupi,Poison,[Battle-armor, Sniper, Keen-eye]
Drapion,Poison,[Battle-armor, Sniper, Keen-eye]
Croagunk,Poison,[Anticipation, Dry-skin, Poison-touch]
Toxicroak,Poison,[Anticipation, Dry-skin, Poison-touch]
Carnivine,Grass,[Levitate]
Finneon,Water,[Swift-swim, Storm-drain, Water-veil]
Lumineon,Water,[Swift-swim, Storm-drain, Water-veil]
Mantyke,Water,[Swift-swim, Water-absorb, Water-veil]
Snover,Grass,[Snow-warning, Soundproof]
Abomasnow,Grass,[Snow-warning, Soundproof]
Weavile,Dark,[Pressure, Pickpocket]
Magnezone,Electric,[Magnet-pull, Sturdy, Analytic]
Lickilicky,Normal,[Own-tempo, Oblivious, Cloud-nine]
Rhyperior,Ground,[Lightning-rod, Solid-rock, Reckless]
Tangrowth,Grass,[Chlorophyll, Leaf-guard, Regenerator]
Electivire,Electric,[Motor-drive, Vital-spirit]
Magmortar,Fire,[Flame-body, Vital-spirit]
Togekiss,Fairy,[Hustle, Serene-grace, Super-luck]
Yanmega,Bug,[Speed-boost, Tinted-lens, Frisk]
Leafeon,Grass,[Leaf-guard, Chlorophyll]
Glaceon,Ice,[Snow-cloak, Ice-body]
Gliscor,Ground,[Hyper-cutter, Sand-veil, Poison-heal]
Mamoswine,Ice,[Oblivious, Snow-cloak, Thick-fat]
Porygon-z,Normal,[Adaptability, Download, Analytic]
Gallade,Psychic,[Steadfast, Sharpness, Justified]
Probopass,Rock,[Sturdy, Magnet-pull, Sand-force]
Dusknoir,Ghost,[Pressure, Frisk]
Froslass,Ice,[Snow-cloak, Cursed-body]
Rotom,Electric,[Levitate]
Uxie,Psychic,[Levitate]
Mesprit,Psychic,[Levitate]
Azelf,Psychic,[Levitate]
Dialga,Steel,[Pressure, Telepathy]
Palkia,Water,[Pressure, Telepathy]
Heatran,Fire,[Flash-fire, Flame-body]
Regigigas,Normal,[Slow-start]
Giratina-altered,Ghost,[Pressure, Telepathy]
Cresselia,Psychic,[Levitate]
Phione,Water,[Hydration]
Manaphy,Water,[Hydration]
Darkrai,Dark,[Bad-dreams]
Shaymin-land,Grass,[Natural-cure]
Arceus,Normal,[Multitype]
Victini,Psychic,[Victory-star]
Snivy,Grass,[Overgrow, Contrary]
Servine,Grass,[Overgrow, Contrary]
Serperior,Grass,[Overgrow, Contrary]
Tepig,Fire,[Blaze, Thick-fat]
Pignite,Fire,[Blaze, Thick-fat]
Emboar,Fire,[Blaze, Reckless]
Oshawott,Water,[Torrent, Shell-armor]
Dewott,Water,[Torrent, Shell-armor]
Samurott,Water,[Torrent, Shell-armor]
Patrat,Normal,[Run-away, Keen-eye, Analytic]
Watchog,Normal,[Illuminate, Keen-eye, Analytic]
Lillipup,Normal,[Vital-spirit, Pickup, Run-away]
Herdier,Normal,[Intimidate, Sand-rush, Scrappy]
Stoutland,Normal,[Intimidate, Sand-rush, Scrappy]
Purrloin,Dark,[Limber, Unburden, Prankster]
Liepard,Dark,[Limber, Unburden, Prankster]
Pansage,Grass,[Gluttony, Overgrow]
Simisage,Grass,[Gluttony, Overgrow]
Pansear,Fire,[Gluttony, Blaze]
Simisear,Fire,[Gluttony, Blaze]
Panpour,Water,[Gluttony, Torrent]
Simipour,Water,[Gluttony, Torrent]
Munna,Psychic,[Forewarn, Synchronize, Telepathy]
Musharna,Psychic,[Forewarn, Synchronize, Telepathy]
Pidove,Normal,[Big-pecks, Super-luck, Rivalry]
Tranquill,Normal,[Big-pecks, Super-luck, Rivalry]
Unfezant,Normal,[Big-pecks, Super-luck, Rivalry]
Blitzle,Electric,[Lightning-rod, Motor-drive, Sap-sipper]
Zebstrika,Electric,[Lightning-rod, Motor-drive, Sap-sipper]
Roggenrola,Rock,[Sturdy, Weak-armor, Sand-force]
Boldore,Rock,[Sturdy, Weak-armor, Sand-force]
Gigalith,Rock,[Sturdy, Sand-stream, Sand-force]
Woobat,Psychic,[Unaware, Klutz, Simple]
Swoobat,Psychic,[Unaware, Klutz, Simple]
Drilbur,Ground,[Sand-rush, Sand-force, Mold-breaker]
Excadrill,Ground,[Sand-rush, Sand-force, Mold-breaker]
Audino,Normal,[Healer, Regenerator, Klutz]
Timburr,Fighting,[Guts, Sheer-force, Iron-fist]
Gurdurr,Fighting,[Guts, Sheer-force, Iron-fist]
Conkeldurr,Fighting,[Guts, Sheer-force, Iron-fist]
Tympole,Water,[Swift-swim, Hydration, Water-absorb]
Palpitoad,Water,[Swift-swim, Hydration, Water-absorb]
Seismitoad,Water,[Swift-swim, Poison-touch, Water-absorb]
Throh,Fighting,[Guts, Inner-focus, Mold-breaker]
Sawk,Fighting,[Sturdy, Inner-focus, Mold-breaker]
Sewaddle,Bug,[Swarm, Chlorophyll, Overcoat]
Swadloon,Bug,[Leaf-guard, Chlorophyll, Overcoat]
Leavanny,Bug,[Swarm, Chlorophyll, Overcoat]
Venipede,Bug,[Poison-point, Swarm, Speed-boost]
Whirlipede,Bug,[Poison-point, Swarm, Speed-boost]
Scolipede,Bug,[Poison-point, Swarm, Speed-boost]
Cottonee,Grass,[Prankster, Infiltrator, Chlorophyll]
Whimsicott,Grass,[Prankster, Infiltrator, Chlorophyll]
Petilil,Grass,[Chlorophyll, Own-tempo, Leaf-guard]
Lilligant,Grass,[Chlorophyll, Own-tempo, Leaf-guard]
Basculin-red-striped,Water,[Reckless, Adaptability, Mold-breaker]
Sandile,Ground,[Intimidate, Moxie, Anger-point]
Krokorok,Ground,[Intimidate, Moxie, Anger-point]
Krookodile,Ground,[Intimidate, Moxie, Anger-point]
Darumaka,Fire,[Hustle, Inner-focus]
Darmanitan-standard,Fire,[Sheer-force, Zen-mode]
Maractus,Grass,[Water-absorb, Chlorophyll, Storm-drain]
Dwebble,Bug,[Sturdy, Shell-armor, Weak-armor]
Crustle,Bug,[Sturdy, Shell-armor, Weak-armor]
Scraggy,Dark,[Shed-skin, Moxie, Intimidate]
Scrafty,Dark,[Shed-skin, Moxie, Intimidate]
Sigilyph,Psychic,[Wonder-skin, Magic-guard, Tinted-lens]
Yamask,Ghost,[Mummy]
Cofagrigus,Ghost,[Mummy]
Tirtouga,Water,[Solid-rock, Sturdy, Swift-swim]
Carracosta,Water,[Solid-rock, Sturdy, Swift-swim]
Archen,Rock,[Defeatist]
Archeops,Rock,[Defeatist]
Trubbish,Poison,[Stench, Sticky-hold, Aftermath]
Garbodor,Poison,[Stench, Weak-armor, Aftermath]
Zorua,Dark,[Illusion]
Zoroark,Dark,[Illusion]
Minccino,Normal,[Cute-charm, Technician, Skill-link]
Cinccino,Normal,[Cute-charm, Technician, Skill-link]
Gothita,Psychic,[Frisk, Competitive, Shadow-tag]
Gothorita,Psychic,[Frisk, Competitive, Shadow-tag]
Gothitelle,Psychic,[Frisk, Competitive, Shadow-tag]
Solosis,Psychic,[Overcoat, Magic-guard, Regenerator]
Duosion,Psychic,[Overcoat, Magic-guard, Regenerator]
Reuniclus,Psychic,[Overcoat, Magic-guard, Regenerator]
Ducklett,Water,[Keen-eye, Big-pecks, Hydration]
Swanna,Water,[Keen-eye, Big-pecks, Hydration]
Vanillite,Ice,[Ice-body, Snow-cloak, Weak-armor]
Vanillish,Ice,[Ice-body, Snow-cloak, Weak-armor]
Vanilluxe,Ice,[Ice-body, Snow-warning, Weak-armor]
Deerling,Normal,[Chlorophyll, Sap-sipper, Serene-grace]
Sawsbuck,Normal,[Chlorophyll, Sap-sipper, Serene-grace]
Emolga,Electric,[Static, Motor-drive]
Karrablast,Bug,[Swarm, Shed-skin, No-guard]
Escavalier,Bug,[Swarm, Shell-armor, Overcoat]
Foongus,Grass,[Effect-spore, Regenerator]
Amoonguss,Grass,[Effect-spore, Regenerator]
Frillish,Water,[Water-absorb, Cursed-body, Damp]
Jellicent,Water,[Water-absorb, Cursed-body, Damp]
Alomomola,Water,[Healer, Hydration, Regenerator]
Joltik,Bug,[Compound-eyes, Unnerve, Swarm]
Galvantula,Bug,[Compound-eyes, Unnerve, Swarm]
Ferroseed,Grass,[Iron-barbs]
Ferrothorn,Grass,[Iron-barbs, Anticipation]
Klink,Steel,[Plus, Minus, Clear-body]
Klang,Steel,[Plus, Minus, Clear-body]
Klinklang,Steel,[Plus, Minus, Clear-body]
Tynamo,Electric,[Levitate]
Eelektrik,Electric,[Levitate]
Eelektross,Electric,[Levitate]
Elgyem,Psychic,[Telepathy, Synchronize, Analytic]
Beheeyem,Psychic,[Telepathy, Synchronize, Analytic]
Litwick,Ghost,[Flash-fire, Flame-body, Infiltrator]
Lampent,Ghost,[Flash-fire, Flame-body, Infiltrator]
Chandelure,Ghost,[Flash-fire, Flame-body, Infiltrator]
Axew,Dragon,[Rivalry, Mold-breaker, Unnerve]
Fraxure,Dragon,[Rivalry, Mold-breaker, Unnerve]
Haxorus,Dragon,[Rivalry, Mold-breaker, Unnerve]
Cubchoo,Ice,[Snow-cloak, Slush-rush, Rattled]
Beartic,Ice,[Snow-cloak, Slush-rush, Swift-swim]
Cryogonal,Ice,[Levitate]
Shelmet,Bug,[Hydration, Shell-armor, Overcoat]
Accelgor,Bug,[Hydration, Sticky-hold, Unburden]
Stunfisk,Ground,[Static, Limber, Sand-veil]
Mienfoo,Fighting,[Inner-focus, Regenerator, Reckless]
Mienshao,Fighting,[Inner-focus, Regenerator, Reckless]
Druddigon,Dragon,[Rough-skin, Sheer-force, Mold-breaker]
Golett,Ground,[Iron-fist, Klutz, No-guard]
Golurk,Ground,[Iron-fist, Klutz, No-guard]
Pawniard,Dark,[Defiant, Inner-focus, Pressure]
Bisharp,Dark,[Defiant, Inner-focus, Pressure]
Bouffalant,Normal,[Reckless, Sap-sipper, Soundproof]
Rufflet,Normal,[Keen-eye, Sheer-force, Hustle]
Braviary,Normal,[Keen-eye, Sheer-force, Defiant]
Vullaby,Dark,[Big-pecks, Overcoat, Weak-armor]
Mandibuzz,Dark,[Big-pecks, Overcoat, Weak-armor]
Heatmor,Fire,[Gluttony, Flash-fire, White-smoke]
Durant,Bug,[Swarm, Hustle, Truant]
Deino,Dark,[Hustle]
Zweilous,Dark,[Hustle]
Hydreigon,Dark,[Levitate]
Larvesta,Bug,[Flame-body, Swarm]
Volcarona,Bug,[Flame-body, Swarm]
Cobalion,Steel,[Justified]
Terrakion,Rock,[Justified]
Virizion,Grass,[Justified]
Tornadus-incarnate,Flying,[Prankster, Defiant]
Thundurus-incarnate,Electric,[Prankster, Defiant]
Reshiram,Dragon,[Turboblaze]
Zekrom,Dragon,[Teravolt]
Landorus-incarnate,Ground,[Sand-force, Sheer-force]
Kyurem,Dragon,[Pressure]
Keldeo-ordinary,Water,[Justified]
Meloetta-aria,Normal,[Serene-grace]
Genesect,Bug,[Download]
Chespin,Grass,[Overgrow, Bulletproof]
Quilladin,Grass,[Overgrow, Bulletproof]
Chesnaught,Grass,[Overgrow, Bulletproof]
Fennekin,Fire,[Blaze, Magician]
Braixen,Fire,[Blaze, Magician]
Delphox,Fire,[Blaze, Magician]
Froakie,Water,[Torrent, Protean]
Frogadier,Water,[Torrent, Protean]
Greninja,Water,[Torrent, Protean]
Bunnelby,Normal,[Pickup, Cheek-pouch, Huge-power]
Diggersby,Normal,[Pickup, Cheek-pouch, Huge-power]
Fletchling,Normal,[Big-pecks, Gale-wings]
Fletchinder,Fire,[Flame-body, Gale-wings]
Talonflame,Fire,[Flame-body, Gale-wings]
Scatterbug,Bug,[Shield-dust, Compound-eyes, Friend-guard]
Spewpa,Bug,[Shed-skin, Friend-guard]
Vivillon,Bug,[Shield-dust, Compound-eyes, Friend-guard]
Litleo,Fire,[Rivalry, Unnerve, Moxie]
Pyroar,Fire,[Rivalry, Unnerve, Moxie]
Flabebe,Fairy,[Flower-veil, Symbiosis]
Floette,Fairy,[Flower-veil, Symbiosis]
Florges,Fairy,[Flower-veil, Symbiosis]
Skiddo,Grass,[Sap-sipper, Grass-pelt]
Gogoat,Grass,[Sap-sipper, Grass-pelt]
Pancham,Fighting,[Iron-fist, Mold-breaker, Scrappy]
Pangoro,Fighting,[Iron-fist, Mold-breaker, Scrappy]
Furfrou,Normal,[Fur-coat]
Espurr,Psychic,[Keen-eye, Infiltrator, Own-tempo]
Meowstic-male,Psychic,[Keen-eye, Infiltrator, Prankster]
Honedge,Steel,[No-guard]
Doublade,Steel,[No-guard]
Aegislash-shield,Steel,[Stance-change]
Spritzee,Fairy,[Healer, Aroma-veil]
Aromatisse,Fairy,[Healer, Aroma-veil]
Swirlix,Fairy,[Sweet-veil, Unburden]
Slurpuff,Fairy,[Sweet-veil, Unburden]
Inkay,Dark,[Contrary, Suction-cups, Infiltrator]
Malamar,Dark,[Contrary, Suction-cups, Infiltrator]
Binacle,Rock,[Tough-claws, Sniper, Pickpocket]
Barbaracle,Rock,[Tough-claws, Sniper, Pickpocket]
Skrelp,Poison,[Poison-point, Poison-touch, Adaptability]
Dragalge,Poison,[Poison-point, Poison-touch, Adaptability]
Clauncher,Water,[Mega-launcher]
Clawitzer,Water,[Mega-launcher]
Helioptile,Electric,[Dry-skin, Sand-veil, Solar-power]
Heliolisk,Electric,[Dry-skin, Sand-veil, Solar-power]
Tyrunt,Rock,[Strong-jaw, Sturdy]
Tyrantrum,Rock,[Strong-jaw, Rock-head]
Amaura,Rock,[Refrigerate, Snow-warning]
Aurorus,Rock,[Refrigerate, Snow-warning]
Sylveon,Fairy,[Cute-charm, Pixilate]
Hawlucha,Fighting,[Limber, Unburden, Mold-breaker]
Dedenne,Electric,[Cheek-pouch, Pickup, Plus]
Carbink,Rock,[Clear-body, Sturdy]
Goomy,Dragon,[Sap-sipper, Hydration, Gooey]
Sliggoo,Dragon,[Sap-sipper, Hydration, Gooey]
Goodra,Dragon,[Sap-sipper, Hydration, Gooey]
Klefki,Steel,[Prankster, Magician]
Phantump,Ghost,[Natural-cure, Frisk, Harvest]
Trevenant,Ghost,[Natural-cure, Frisk, Harvest]
Pumpkaboo-average,Ghost,[Pickup, Frisk, Insomnia]
Gourgeist-average,Ghost,[Pickup, Frisk, Insomnia]
Bergmite,Ice,[Own-tempo, Ice-body, Sturdy]
Avalugg,Ice,[Own-tempo, Ice-body, Sturdy]
Noibat,Flying,[Frisk, Infiltrator, Telepathy]
Noivern,Flying,[Frisk, Infiltrator, Telepathy]
Xerneas,Fairy,[Fairy-aura]
Yveltal,Dark,[Dark-aura]
Zygarde-50,Dragon,[Aura-break]
Diancie,Rock,[Clear-body]
Hoopa,Psychic,[Magician]
Volcanion,Fire,[Water-absorb]
Rowlet,Grass,[Overgrow, Long-reach]
Dartrix,Grass,[Overgrow, Long-reach]
Decidueye,Grass,[Overgrow, Long-reach]
Litten,Fire,[Blaze, Intimidate]
Torracat,Fire,[Blaze, Intimidate]
Incineroar,Fire,[Blaze, Intimidate]
Popplio,Water,[Torrent, Liquid-voice]
Brionne,Water,[Torrent, Liquid-voice]
Primarina,Water,[Torrent, Liquid-voice]
Pikipek,Normal,[Keen-eye, Skill-link, Pickup]
Trumbeak,Normal,[Keen-eye, Skill-link, Pickup]
Toucannon,Normal,[Keen-eye, Skill-link, Sheer-force]
Yungoos,Normal,[Stakeout, Strong-jaw, Adaptability]
Gumshoos,Normal,[Stakeout, Strong-jaw, Adaptability]
Grubbin,Bug,[Swarm]
Charjabug,Bug,[Battery]
Vikavolt,Bug,[Levitate]
Crabrawler,Fighting,[Hyper-cutter, Iron-fist, Anger-point]
Crabominable,Fighting,[Hyper-cutter, Iron-fist, Anger-point]
Oricorio-baile,Fire,[Dancer]
Cutiefly,Bug,[Honey-gather, Shield-dust, Sweet-veil]
Ribombee,Bug,[Honey-gather, Shield-dust, Sweet-veil]
Rockruff,Rock,[Keen-eye, Vital-spirit, Steadfast]
Lycanroc-midday,Rock,[Keen-eye, Sand-rush, Steadfast]
Wishiwashi-solo,Water,[Schooling]
Mareanie,Poison,[Merciless, Limber, Regenerator]
Toxapex,Poison,[Merciless, Limber, Regenerator]
Mudbray,Ground,[Own-tempo, Stamina, Inner-focus]
Mudsdale,Ground,[Own-tempo, Stamina, Inner-focus]
Dewpider,Water,[Water-bubble, Water-absorb]
Araquanid,Water,[Water-bubble, Water-absorb]
Fomantis,Grass,[Leaf-guard, Contrary]
Lurantis,Grass,[Leaf-guard, Contrary]
Morelull,Grass,[Illuminate, Effect-spore, Rain-dish]
Shiinotic,Grass,[Illuminate, Effect-spore, Rain-dish]
Salandit,Poison,[Corrosion, Oblivious]
Salazzle,Poison,[Corrosion, Oblivious]
Stufful,Normal,[Fluffy, Klutz, Cute-charm]
Bewear,Normal,[Fluffy, Klutz, Unnerve]
Bounsweet,Grass,[Leaf-guard, Oblivious, Sweet-veil]
Steenee,Grass,[Leaf-guard, Oblivious, Sweet-veil]
Tsareena,Grass,[Leaf-guard, Queenly-majesty, Sweet-veil]
Comfey,Fairy,[Flower-veil, Triage, Natural-cure]
Oranguru,Normal,[Inner-focus, Telepathy, Symbiosis]
Passimian,Fighting,[Receiver, Defiant]
Wimpod,Bug,[Wimp-out]
Golisopod,Bug,[Emergency-exit]
Sandygast,Ghost,[Water-compaction, Sand-veil]
Palossand,Ghost,[Water-compaction, Sand-veil]
Pyukumuku,Water,[Innards-out, Unaware]
Type-null,Normal,[Battle-armor]
Silvally,Normal,[Rks-system]
Minior-red-meteor,Rock,[Shields-down]
Komala,Normal,[Comatose]
Turtonator,Fire,[Shell-armor]
Togedemaru,Electric,[Iron-barbs, Lightning-rod, Sturdy]
Mimikyu-disguised,Ghost,[Disguise]
Bruxish,Water,[Dazzling, Strong-jaw, Wonder-skin]
Drampa,Normal,[Berserk, Sap-sipper, Cloud-nine]
Dhelmise,Ghost,[Steelworker]
Jangmo-o,Dragon,[Bulletproof, Soundproof, Overcoat]
Hakamo-o,Dragon,[Bulletproof, Soundproof, Overcoat]
Kommo-o,Dragon,[Bulletproof, Soundproof, Overcoat]
Tapu-koko,Electric,[Electric-surge, Telepathy]
Tapu-lele,Psychic,[Psychic-surge, Telepathy]
Tapu-bulu,Grass,[Grassy-surge, Telepathy]
Tapu-fini,Water,[Misty-surge, Telepathy]
Cosmog,Psychic,[Unaware]
Cosmoem,Psychic,[Sturdy]
Solgaleo,Psychic,[Full-metal-body]
Lunala,Psychic,[Shadow-shield]
Nihilego,Rock,[Beast-boost]
Buzzwole,Bug,[Beast-boost]
Pheromosa,Bug,[Beast-boost]
Xurkitree,Electric,[Beast-boost]
Celesteela,Steel,[Beast-boost]
Kartana,Grass,[Beast-boost]
Guzzlord,Dark,[Beast-boost]
Necrozma,Psychic,[Prism-armor]
Magearna,Steel,[Soul-heart]
Marshadow,Fighting,[Technician]
Poipole,Poison,[Beast-boost]
Naganadel,Poison,[Beast-boost]
Stakataka,Rock,[Beast-boost]
Blacephalon,Fire,[Beast-boost]
Zeraora,Electric,[Volt-absorb]
Meltan,Steel,[Magnet-pull]
Melmetal,Steel,[Iron-fist]
Grookey,Grass,[Overgrow, Grassy-surge]
Thwackey,Grass,[Overgrow, Grassy-surge]
Rillaboom,Grass,[Overgrow, Grassy-surge]
Scorbunny,Fire,[Blaze, Libero]
Raboot,Fire,[Blaze, Libero]
Cinderace,Fire,[Blaze, Libero]
Sobble,Water,[Torrent, Sniper]
Drizzile,Water,[Torrent, Sniper]
Inteleon,Water,[Torrent, Sniper]
Skwovet,Normal,[Cheek-pouch, Gluttony]
Greedent,Normal,[Cheek-pouch, Gluttony]
Rookidee,Flying,[Keen-eye, Unnerve, Big-pecks]
Corvisquire,Flying,[Keen-eye, Unnerve, Big-pecks]
Corviknight,Flying,[Pressure, Unnerve, Mirror-armor]
Blipbug,Bug,[Swarm, Compound-eyes, Telepathy]
Dottler,Bug,[Swarm, Compound-eyes, Telepathy]
Orbeetle,Bug,[Swarm, Frisk, Telepathy]
Nickit,Dark,[Run-away, Unburden, Stakeout]
Thievul,Dark,[Run-away, Unburden, Stakeout]
Gossifleur,Grass,[Cotton-down, Regenerator, Effect-spore]
Eldegoss,Grass,[Cotton-down, Regenerator, Effect-spore]
Wooloo,Normal,[Fluffy, Run-away, Bulletproof]
Dubwool,Normal,[Fluffy, Steadfast, Bulletproof]
Chewtle,Water,[Strong-jaw, Shell-armor, Swift-swim]
Drednaw,Water,[Strong-jaw, Shell-armor, Swift-swim]
Yamper,Electric,[Ball-fetch, Rattled]
Boltund,Electric,[Strong-jaw, Competitive]
Rolycoly,Rock,[Steam-engine, Heatproof, Flash-fire]
Carkol,Rock,[Steam-engine, Flame-body, Flash-fire]
Coalossal,Rock,[Steam-engine, Flame-body, Flash-fire]
Applin,Grass,[Ripen, Gluttony, Bulletproof]
Flapple,Grass,[Ripen, Gluttony, Hustle]
Appletun,Grass,[Ripen, Gluttony, Thick-fat]
Silicobra,Ground,[Sand-spit, Shed-skin, Sand-veil]
Sandaconda,Ground,[Sand-spit, Shed-skin, Sand-veil]
Cramorant,Flying,[Gulp-missile]
Arrokuda,Water,[Swift-swim, Propeller-tail]
Barraskewda,Water,[Swift-swim, Propeller-tail]
Toxel,Electric,[Rattled, Static, Klutz]
Toxtricity-amped,Electric,[Punk-rock, Plus, Technician]
Sizzlipede,Fire,[Flash-fire, White-smoke, Flame-body]
Centiskorch,Fire,[Flash-fire, White-smoke, Flame-body]
Clobbopus,Fighting,[Limber, Technician]
Grapploct,Fighting,[Limber, Technician]
Sinistea,Ghost,[Weak-armor, Cursed-body]
Polteageist,Ghost,[Weak-armor, Cursed-body]
Hatenna,Psychic,[Healer, Anticipation, Magic-bounce]
Hattrem,Psychic,[Healer, Anticipation, Magic-bounce]
Hatterene,Psychic,[Healer, Anticipation, Magic-bounce]
Impidimp,Dark,[Prankster, Frisk, Pickpocket]
Morgrem,Dark,[Prankster, Frisk, Pickpocket]
Grimmsnarl,Dark,[Prankster, Frisk, Pickpocket]
Obstagoon,Dark,[Reckless, Guts, Defiant]
Perrserker,Steel,[Battle-armor, Tough-claws, Steely-spirit]
Cursola,Ghost,[Weak-armor, Perish-body]
Sirfetchd,Fighting,[Steadfast, Scrappy]
Mr-rime,Ice,[Tangled-feet, Screen-cleaner, Ice-body]
Runerigus,Ground,[Wandering-spirit]
Milcery,Fairy,[Sweet-veil, Aroma-veil]
Alcremie,Fairy,[Sweet-veil, Aroma-veil]
Falinks,Fighting,[Battle-armor, Defiant]
Pincurchin,Electric,[Lightning-rod, Electric-surge]
Snom,Ice,[Shield-dust, Ice-scales]
Frosmoth,Ice,[Shield-dust, Ice-scales]
Stonjourner,Rock,[Power-spot]
Eiscue-ice,Ice,[Ice-face]
Indeedee-male,Psychic,[Inner-focus, Synchronize, Psychic-surge]
Morpeko-full-belly,Electric,[Hunger-switch]
Cufant,Steel,[Sheer-force, Heavy-metal]
Copperajah,Steel,[Sheer-force, Heavy-metal]
Dracozolt,Electric,[Volt-absorb, Hustle, Sand-rush]
Arctozolt,Electric,[Volt-absorb, Static, Slush-rush]
Dracovish,Water,[Water-absorb, Strong-jaw, Sand-rush]
Arctovish,Water,[Water-absorb, Ice-body, Slush-rush]
Duraludon,Steel,[Light-metal, Heavy-metal, Stalwart]
Dreepy,Dragon,[Clear-body, Infiltrator, Cursed-body]
Drakloak,Dragon,[Clear-body, Infiltrator, Cursed-body]
Dragapult,Dragon,[Clear-body, Infiltrator, Cursed-body]
Zacian,Fairy,[Intrepid-sword]
Zamazenta,Fighting,[Dauntless-shield]
Eternatus,Poison,[Pressure]
Kubfu,Fighting,[Inner-focus]
Urshifu-single-strike,Fighting,[Unseen-fist]
Zarude,Dark,[Leaf-guard]
Regieleki,Electric,[Transistor]
Regidrago,Dragon,[Dragons-maw]
Glastrier,Ice,[Chilling-neigh]
Spectrier,Ghost,[Grim-neigh]
Calyrex,Psychic,[Unnerve]
Wyrdeer,Normal,[Intimidate, Frisk, Sap-sipper]
Kleavor,Bug,[Swarm, Sheer-force, Sharpness]
Ursaluna,Ground,[Guts, Bulletproof, Unnerve]
Basculegion-male,Water,[Swift-swim, Adaptability, Mold-breaker]
Sneasler,Fighting,[Pressure, Unburden, Poison-touch]
Overqwil,Dark,[Poison-point, Swift-swim, Intimidate]
Enamorus-incarnate,Fairy,[Cute-charm, Contrary]
Adiran,Fire,[]
